{"cameraMode":{"drawMode":0,"name":"Shaded","section":"Shading Mode"},"sceneLighting":true,"audioPlay":false,"sceneViewState":{"m_AlwaysRefresh":false,"showFog":true,"showSkybox":true,"showFlares":true,"showImageEffects":true,"showParticleSystems":true,"showVisualEffectGraphs":true,"m_FxEnabled":true},"in2DMode":false,"pivot":{"x":19.46171760559082,"y":3.335646390914917,"z":19.799673080444337},"rotation":{"x":0.0006742601399309933,"y":-0.929363489151001,"z":0.0016792796086519957,"w":0.3693722188472748},"size":1.7660253047943116,"orthographic":false}